{
  "all_gates_ok": true,
  "baseline_sha": "cd43499c24b4e97c2619b995d4c605d1d48bdd7f",
  "measurement_time": 8,
  "results": [
    {
      "baseline_median_ms": 125.66467675,
      "baseline_trials_ms": [
        126.15072216666665,
        124.68914566666668,
        125.66467675
      ],
      "benchmark": "benchmark/calc_mem/calc_mem n_cards=1000, n_reviews=10",
      "current_median_ms": 0.566216953801945,
      "current_over_baseline": 0.00450577655110186,
      "current_trials_ms": [
        0.5699135827202415,
        0.5609328613671275,
        0.566216953801945
      ],
      "gate_kind": "no_regression",
      "gate_ok": true,
      "gate_threshold": 1.05,
      "speedup": 221.93732615423556,
      "trials": 3,
      "wins": 3,
      "wins_gate_ok": true
    },
    {
      "baseline_median_ms": 1.0100699366096866,
      "baseline_trials_ms": [
        1.0100699366096866,
        1.0073435814814815,
        1.0720252230392158
      ],
      "benchmark": "benchmark/calc_mem_batch/calc_mem_batch n_cards=1000, n_reviews=10",
      "current_median_ms": 0.026373748567538127,
      "current_over_baseline": 0.02611081432248342,
      "current_trials_ms": [
        0.02664450017196868,
        0.026020902313407635,
        0.026373748567538127
      ],
      "gate_kind": "no_regression",
      "gate_ok": true,
      "gate_threshold": 1.05,
      "speedup": 38.29830765327464,
      "trials": 3,
      "wins": 3,
      "wins_gate_ok": true
    },
    {
      "baseline_median_ms": 5.993426363075197,
      "baseline_trials_ms": [
        5.5736824254981885,
        6.1536693518518515,
        5.993426363075197
      ],
      "benchmark": "benchmark/calc_mem_batch/calc_mem_batch n_cards=1000, n_reviews=100",
      "current_median_ms": 0.12258120503597121,
      "current_over_baseline": 0.020452608843445505,
      "current_trials_ms": [
        0.12222451206629191,
        0.12258120503597121,
        0.12462138010948905
      ],
      "gate_kind": "no_regression",
      "gate_ok": true,
      "gate_threshold": 1.05,
      "speedup": 48.8935180667904,
      "trials": 3,
      "wins": 3,
      "wins_gate_ok": true
    },
    {
      "baseline_median_ms": 11.734273179945056,
      "baseline_trials_ms": [
        10.566599547160243,
        11.834303654166666,
        11.734273179945056
      ],
      "benchmark": "benchmark/calc_mem_batch/calc_mem_batch n_cards=1000, n_reviews=200",
      "current_median_ms": 0.1993911294665843,
      "current_over_baseline": 0.01699220108556548,
      "current_trials_ms": [
        0.1993911294665843,
        0.1967380038243007,
        0.21149268674698796
      ],
      "gate_kind": "no_regression",
      "gate_ok": true,
      "gate_threshold": 1.05,
      "speedup": 58.85052766056771,
      "trials": 3,
      "wins": 3,
      "wins_gate_ok": true
    },
    {
      "baseline_median_ms": 9.573108774305556,
      "baseline_trials_ms": [
        8.770225781896553,
        9.573108774305556,
        9.848148946428571
      ],
      "benchmark": "benchmark/calc_mem_batch/calc_mem_batch n_cards=10000, n_reviews=10",
      "current_median_ms": 0.27286316462053567,
      "current_over_baseline": 0.028503088291747677,
      "current_trials_ms": [
        0.27286316462053567,
        0.27053919897435896,
        0.29398946208333326
      ],
      "gate_kind": "no_regression",
      "gate_ok": true,
      "gate_threshold": 1.05,
      "speedup": 35.08391756585632,
      "trials": 3,
      "wins": 3,
      "wins_gate_ok": true
    },
    {
      "baseline_median_ms": 48.790434,
      "baseline_trials_ms": [
        45.71809033333333,
        50.27323275,
        48.790434
      ],
      "benchmark": "benchmark/calc_mem_batch/calc_mem_batch n_cards=10000, n_reviews=100",
      "current_median_ms": 1.3120723219373223,
      "current_over_baseline": 0.026891999401713097,
      "current_trials_ms": [
        1.2397542268199233,
        1.3120723219373223,
        1.489094939102564
      ],
      "gate_kind": "no_regression",
      "gate_ok": true,
      "gate_threshold": 1.05,
      "speedup": 37.18578098496823,
      "trials": 3,
      "wins": 3,
      "wins_gate_ok": true
    },
    {
      "baseline_median_ms": 93.4779655,
      "baseline_trials_ms": [
        95.96883333333332,
        93.00531933333333,
        93.4779655
      ],
      "benchmark": "benchmark/calc_mem_batch/calc_mem_batch n_cards=10000, n_reviews=200",
      "current_median_ms": 2.2376613101623795,
      "current_over_baseline": 0.02393784779325754,
      "current_trials_ms": [
        2.076738456374644,
        2.364673178125,
        2.2376613101623795
      ],
      "gate_kind": "no_regression",
      "gate_ok": true,
      "gate_threshold": 1.05,
      "speedup": 41.774849962980596,
      "trials": 3,
      "wins": 3,
      "wins_gate_ok": true
    },
    {
      "baseline_median_ms": 1.3277684847631121e-05,
      "baseline_trials_ms": [
        1.3933178194199178e-05,
        1.307614078960054e-05,
        1.3277684847631121e-05
      ],
      "benchmark": "benchmark/current_retrievability",
      "current_median_ms": 1.2783186781104675e-05,
      "current_over_baseline": 0.9627572071335411,
      "current_trials_ms": [
        1.2783186781104675e-05,
        1.2689867404106095e-05,
        1.2893124396629904e-05
      ],
      "gate_kind": "no_regression",
      "gate_ok": true,
      "gate_threshold": 1.05,
      "speedup": 1.0386834734557258,
      "trials": 3,
      "wins": 3,
      "wins_gate_ok": true
    },
    {
      "baseline_median_ms": 0.05372596428571428,
      "baseline_trials_ms": [
        0.05540619238497087,
        0.05370322252314815,
        0.05372596428571428
      ],
      "benchmark": "benchmark/next_states",
      "current_median_ms": 0.00019124652115265784,
      "current_over_baseline": 0.003559666609902249,
      "current_trials_ms": [
        0.00019473100818000836,
        0.0001894618725848906,
        0.00019124652115265784
      ],
      "gate_kind": "no_regression",
      "gate_ok": true,
      "gate_threshold": 1.05,
      "speedup": 280.92518474011274,
      "trials": 3,
      "wins": 3,
      "wins_gate_ok": true
    },
    {
      "baseline_median_ms": 26.985725672619044,
      "baseline_trials_ms": [
        26.985725672619044,
        26.894182886904762,
        27.093317560714286
      ],
      "benchmark": "parameters/compute_parameters",
      "current_median_ms": 27.032651427083337,
      "current_over_baseline": 1.001738910231045,
      "current_trials_ms": [
        27.448389635714285,
        27.032651427083337,
        26.82639265
      ],
      "gate_kind": "no_regression",
      "gate_ok": true,
      "gate_threshold": 1.05,
      "speedup": 0.998264108328742,
      "trials": 3,
      "wins": 3,
      "wins_gate_ok": true
    },
    {
      "baseline_median_ms": 31.560436805555558,
      "baseline_trials_ms": [
        31.627600571428573,
        30.959604189999997,
        31.560436805555558
      ],
      "benchmark": "parameters/evaluate",
      "current_median_ms": 5.460087921626984,
      "current_over_baseline": 0.1730041936766176,
      "current_trials_ms": [
        5.460087921626984,
        5.624121443322981,
        5.392479567307692
      ],
      "gate_kind": "speedup",
      "gate_ok": true,
      "gate_threshold": 1.2,
      "speedup": 5.780206703365915,
      "trials": 3,
      "wins": 3,
      "wins_gate_ok": true
    },
    {
      "baseline_median_ms": 224.49470384821427,
      "baseline_trials_ms": [
        223.28413009285714,
        224.49470384821427,
        225.3198895
      ],
      "benchmark": "parameters/evaluate_with_time_series_splits",
      "current_median_ms": 69.56918782916667,
      "current_over_baseline": 0.3098923343697404,
      "current_trials_ms": [
        75.51968657857142,
        69.56918782916667,
        69.01058561111111
      ],
      "gate_kind": "speedup",
      "gate_ok": true,
      "gate_threshold": 1.05,
      "speedup": 3.226927190805806,